{"stats":{"minecraft:dropped":{"minecraft:soul_sand":1,"minecraft:oak_log":1,"minecraft:lantern":4,"minecraft:quartz_pillar":2,"minecraft:red_carpet":2,"minecraft:dirt":1,"minecraft:gray_concrete":1,"minecraft:stone_button":1,"minecraft:black_stained_glass_pane":2,"minecraft:cornflower":1,"minecraft:smooth_sandstone_stairs":1,"minecraft:oak_planks":1,"minecraft:light_gray_carpet":2,"minecraft:quartz_block":1,"minecraft:glass":2,"minecraft:oak_leaves":1,"minecraft:bookshelf":1,"minecraft:spruce_stairs":1,"minecraft:grass_block":1,"minecraft:white_concrete":2,"minecraft:stripped_birch_log":2,"minecraft:smooth_stone":1,"minecraft:redstone_block":1,"minecraft:furnace":1,"minecraft:oak_trapdoor":1,"minecraft:cobblestone_wall":1,"minecraft:sticky_piston":1,"minecraft:composter":3,"minecraft:light_gray_concrete":3,"minecraft:oak_sign":1,"minecraft:snow":1,"minecraft:flower_pot":1,"minecraft:allium":1,"minecraft:spruce_trapdoor":1,"minecraft:spruce_planks":1,"minecraft:black_wool":1},"minecraft:custom":{"minecraft:interact_with_crafting_table":4,"minecraft:leave_game":47,"minecraft:time_since_death":941599,"minecraft:sprint_one_cm":589171,"minecraft:drop":50,"minecraft:deaths":2,"minecraft:jump":5750,"minecraft:interact_with_brewingstand":3,"minecraft:walk_on_water_one_cm":465124,"minecraft:interact_with_furnace":7,"minecraft:play_one_minute":2609750,"minecraft:interact_with_loom":17,"minecraft:damage_dealt":752,"minecraft:crouch_one_cm":82517,"minecraft:inspect_dispenser":32,"minecraft:inspect_dropper":7,"minecraft:mob_kills":4,"minecraft:inspect_hopper":2,"minecraft:fill_cauldron":2,"minecraft:climb_one_cm":9249,"minecraft:walk_one_cm":1934506,"minecraft:sneak_time":149382,"minecraft:walk_under_water_one_cm":1505290,"minecraft:boat_one_cm":13837,"minecraft:interact_with_lectern":1,"minecraft:tune_noteblock":11,"minecraft:pot_flower":131,"minecraft:interact_with_stonecutter":1,"minecraft:time_since_rest":941677,"minecraft:trigger_trapped_chest":15,"minecraft:swim_one_cm":28061,"minecraft:fly_one_cm":14967965,"minecraft:open_chest":79,"minecraft:aviate_one_cm":149261},"minecraft:used":{"minecraft:peony":94,"minecraft:light_blue_banner":27,"minecraft:light_blue_stained_glass_pane":534,"minecraft:writable_book":1,"minecraft:smooth_quartz_slab":1901,"minecraft:spruce_slab":516,"minecraft:dispenser":14,"minecraft:poppy":1,"minecraft:diamond_hoe":3,"minecraft:ladder":20,"minecraft:oak_sign":147,"minecraft:black_carpet":836,"minecraft:green_banner":6,"minecraft:chest":71,"minecraft:stone":450,"minecraft:brown_concrete":1,"minecraft:creeper_head":2,"minecraft:grass":6,"minecraft:quartz_stairs":171,"minecraft:bubble_coral":3,"minecraft:player_head":4,"minecraft:smooth_sandstone_stairs":44,"minecraft:farmland":2,"minecraft:tube_coral":1,"minecraft:spruce_leaves":15,"minecraft:soul_sand":11,"minecraft:birch_pressure_plate":14,"minecraft:lily_of_the_valley":25,"minecraft:jungle_planks":10,"minecraft:allium":1,"minecraft:furnace_minecart":1,"minecraft:cyan_wool":5,"minecraft:azure_bluet":6,"minecraft:stripped_spruce_log":157,"minecraft:obsidian":61,"minecraft:glass":1137,"minecraft:lava_bucket":2,"minecraft:bricks":207,"minecraft:coal_ore":1,"minecraft:quartz_pillar":2233,"minecraft:lime_banner":2,"minecraft:red_wool":124,"minecraft:quartz_slab":497,"minecraft:black_stained_glass_pane":404,"minecraft:lantern":97,"minecraft:grass_block":905,"minecraft:blue_orchid":23,"minecraft:quartz_block":82,"minecraft:dark_oak_leaves":1,"minecraft:dark_oak_slab":323,"minecraft:hopper_minecart":1,"minecraft:item_frame":248,"minecraft:birch_trapdoor":14,"minecraft:red_carpet":621,"minecraft:dolphin_spawn_egg":3,"minecraft:repeater":80,"minecraft:redstone_lamp":50,"minecraft:magma_block":5,"minecraft:bow":40,"minecraft:snow":154,"minecraft:dark_oak_boat":2,"minecraft:written_book":1,"minecraft:scaffolding":12,"minecraft:jungle_button":3,"minecraft:oak_sapling":1,"minecraft:furnace":65,"minecraft:seagrass":5,"minecraft:large_fern":3,"minecraft:stripped_spruce_wood":31,"minecraft:light_blue_carpet":4,"minecraft:emerald_ore":1,"minecraft:dark_oak_stairs":81,"minecraft:end_rod":24,"minecraft:diorite":6,"minecraft:tube_coral_fan":1,"minecraft:dropper":10,"minecraft:dark_oak_sign":14,"minecraft:stripped_birch_log":332,"minecraft:birch_leaves":11,"minecraft:acacia_trapdoor":3,"minecraft:powered_rail":25,"minecraft:gray_carpet":45,"minecraft:oak_planks":558,"minecraft:orange_tulip":1,"minecraft:polished_diorite_slab":1,"minecraft:cactus":29,"minecraft:composter":163,"minecraft:black_glazed_terracotta":6,"minecraft:redstone_block":175,"minecraft:sugar_cane":135,"minecraft:oak_leaves":959,"minecraft:smooth_quartz_stairs":285,"minecraft:white_wool":46,"minecraft:dark_oak_trapdoor":2,"minecraft:sand":41,"minecraft:cut_sandstone_slab":5,"minecraft:loom":128,"minecraft:blast_furnace":4,"minecraft:sponge":44,"minecraft:chiseled_quartz_block":13,"minecraft:note_block":5,"minecraft:gray_concrete":2514,"minecraft:birch_fence":2,"minecraft:redstone_torch":68,"minecraft:sticky_piston":126,"minecraft:black_concrete":10,"minecraft:firework_rocket":1,"minecraft:zombie_head":5,"minecraft:gray_stained_glass_pane":390,"minecraft:light_gray_concrete":1769,"minecraft:lime_carpet":31,"minecraft:birch_slab":158,"minecraft:heavy_weighted_pressure_plate":1,"minecraft:string":145,"minecraft:barrier":5,"minecraft:stone_button":39,"minecraft:cyan_carpet":280,"minecraft:lectern":16,"minecraft:white_glazed_terracotta":11,"minecraft:oak_pressure_plate":897,"minecraft:diamond_ore":1,"minecraft:gravel":2,"minecraft:lilac":15,"minecraft:polished_andesite_slab":23,"minecraft:diamond_sword":18,"minecraft:stripped_oak_wood":75,"minecraft:smithing_table":18,"minecraft:birch_log":3,"minecraft:smooth_stone_slab":410,"minecraft:chest_minecart":19,"minecraft:white_concrete":8755,"minecraft:tropical_fish_bucket":29,"minecraft:coarse_dirt":23,"minecraft:bone_meal":75,"minecraft:diorite_slab":1,"minecraft:gray_stained_glass":118,"minecraft:oak_trapdoor":485,"minecraft:oak_fence":38,"minecraft:enchanting_table":2,"minecraft:rose_bush":152,"minecraft:iron_bars":8,"minecraft:dead_bush":21,"minecraft:white_tulip":2,"minecraft:armor_stand":14,"minecraft:redstone_ore":1,"minecraft:red_concrete":3,"minecraft:redstone":207,"minecraft:light_gray_carpet":600,"minecraft:spruce_planks":453,"minecraft:torch":141,"minecraft:brewing_stand":14,"minecraft:dirt":132,"minecraft:anvil":352,"minecraft:white_carpet":598,"minecraft:hopper":3,"minecraft:nether_quartz_ore":1,"minecraft:spruce_stairs":114,"minecraft:cobblestone_wall":12,"minecraft:stone_stairs":8,"minecraft:cod_bucket":6,"minecraft:oak_wood":4,"minecraft:yellow_carpet":60,"minecraft:jungle_trapdoor":23,"minecraft:salmon_bucket":5,"minecraft:pink_carpet":33,"minecraft:spruce_fence":9,"minecraft:light_blue_stained_glass":148,"minecraft:oak_fence_gate":7,"minecraft:fern":1,"minecraft:stone_brick_slab":23,"minecraft:dark_oak_planks":1951,"minecraft:sea_lantern":807,"minecraft:light_gray_stained_glass":22,"minecraft:red_tulip":8,"minecraft:bookshelf":375,"minecraft:oak_stairs":181,"minecraft:slime_block":98,"minecraft:smooth_quartz":4,"minecraft:barrel":4,"minecraft:bamboo":9,"minecraft:light_gray_wool":33,"minecraft:tripwire_hook":3,"minecraft:glowstone":168,"minecraft:black_stained_glass":91,"minecraft:iron_trapdoor":66,"minecraft:trapped_chest":4,"minecraft:stone_pressure_plate":19,"minecraft:acacia_planks":2,"minecraft:observer":29,"minecraft:turtle_spawn_egg":2,"minecraft:wheat_seeds":5,"minecraft:water_bucket":777,"minecraft:iron_ore":1,"minecraft:pink_tulip":1,"minecraft:birch_planks":3002,"minecraft:polished_andesite":43,"minecraft:cartography_table":6,"minecraft:smooth_sandstone_slab":20,"minecraft:red_mushroom_block":18,"minecraft:cauldron":3,"minecraft:stonecutter":4,"minecraft:beacon":3,"minecraft:fletching_table":8,"minecraft:gold_ore":1,"minecraft:comparator":7,"minecraft:rail":8,"minecraft:stripped_dark_oak_log":2,"minecraft:oak_slab":61,"minecraft:crafting_table":14,"minecraft:red_bed":2,"minecraft:birch_sign":3,"minecraft:campfire":1,"minecraft:dark_oak_fence_gate":1,"minecraft:fire_coral":2,"minecraft:painting":310,"minecraft:smoker":2,"minecraft:cake":7,"minecraft:spruce_log":9,"minecraft:oak_log":64,"minecraft:piston":37,"minecraft:flower_pot":134,"minecraft:activator_rail":3,"minecraft:cornflower":11,"minecraft:black_wool":23,"minecraft:oxeye_daisy":13,"minecraft:command_block":1,"minecraft:oak_button":1,"minecraft:tnt_minecart":1,"minecraft:lapis_ore":1,"minecraft:spruce_pressure_plate":79,"minecraft:detector_rail":45,"minecraft:spruce_trapdoor":151,"minecraft:blue_carpet":10,"minecraft:fishing_rod":10,"minecraft:grass_path":1,"minecraft:bucket":1,"minecraft:glass_pane":416,"minecraft:sea_pickle":17,"minecraft:stripped_oak_log":1,"minecraft:gray_wool":78,"minecraft:purple_carpet":9,"minecraft:dandelion":13,"minecraft:jukebox":4,"minecraft:smooth_stone":142,"minecraft:birch_stairs":820},"minecraft:killed":{"minecraft:tropical_fish":1,"minecraft:trader_llama":1,"minecraft:wandering_trader":1},"minecraft:picked_up":{"minecraft:wooden_axe":1,"minecraft:seagrass":2,"minecraft:black_carpet":94,"minecraft:redstone_block":2,"minecraft:anvil":2,"minecraft:lead":1,"minecraft:sticky_piston":4,"minecraft:oak_sign":22,"minecraft:smooth_stone":1,"minecraft:spruce_planks":1,"minecraft:rose_bush":10,"minecraft:redstone_torch":10,"minecraft:smooth_quartz_stairs":1,"minecraft:furnace":1,"minecraft:spruce_pressure_plate":11,"minecraft:spruce_stairs":1,"minecraft:torch":22,"minecraft:cactus":1,"minecraft:tropical_fish":23,"minecraft:bookshelf":1,"minecraft:cod":9,"minecraft:lilac":6,"minecraft:repeater":8,"minecraft:smooth_sandstone_stairs":1,"minecraft:gray_concrete":1,"minecraft:purple_carpet":4,"minecraft:glass":1,"minecraft:wheat_seeds":2,"minecraft:powered_rail":2,"minecraft:oak_planks":1,"minecraft:oak_pressure_plate":68,"minecraft:black_stained_glass_pane":1,"minecraft:lily_of_the_valley":1,"minecraft:yellow_carpet":4,"minecraft:bone_meal":1,"minecraft:white_concrete":1,"minecraft:light_gray_carpet":24,"minecraft:oak_leaves":1,"minecraft:allium":1,"minecraft:snow":1,"minecraft:white_carpet":24,"minecraft:item_frame":46,"minecraft:blue_orchid":2,"minecraft:cyan_carpet":1,"minecraft:glass_pane":1,"minecraft:detector_rail":1,"minecraft:poppy":3,"minecraft:minecart":5,"minecraft:sugar_cane":7,"minecraft:spruce_trapdoor":1,"minecraft:quartz_pillar":1,"minecraft:stone_button":8,"minecraft:redstone":34,"minecraft:stone_pressure_plate":5,"minecraft:dark_oak_planks":1,"minecraft:light_blue_stained_glass_pane":1,"minecraft:peony":3,"minecraft:rail":6,"minecraft:salmon":4,"minecraft:red_carpet":8,"minecraft:kelp":47,"minecraft:soul_sand":1,"minecraft:dandelion":1,"minecraft:gravel":1,"minecraft:painting":9,"minecraft:birch_sign":3,"minecraft:gray_wool":4,"minecraft:black_wool":1},"minecraft:mined":{"minecraft:red_bed":2}},"DataVersion":1976}